S1,S0,D0,D1,D2,D3,Y
0,0,0,0,0,0,0
0,0,0,0,0,1,0
0,0,0,0,1,0,0
0,0,0,0,1,1,0
0,0,0,1,0,0,0
0,0,0,1,0,1,0
0,0,0,1,1,0,0
0,0,0,1,1,1,0
0,0,1,0,0,0,1
0,0,1,0,0,1,1
0,0,1,0,1,0,1
0,0,1,0,1,1,1
0,0,1,1,0,0,1
0,0,1,1,0,1,1
0,0,1,1,1,0,1
0,0,1,1,1,1,1
0,1,0,0,0,0,0
0,1,0,0,0,1,0
0,1,0,0,1,0,0
0,1,0,0,1,1,0
0,1,0,1,0,0,1
0,1,0,1,0,1,1
0,1,0,1,1,0,1
0,1,0,1,1,1,1
0,1,1,0,0,0,0
0,1,1,0,0,1,0
0,1,1,0,1,0,0
0,1,1,0,1,1,0
0,1,1,1,0,0,1
0,1,1,1,0,1,1
0,1,1,1,1,0,1
0,1,1,1,1,1,1
1,0,0,0,0,0,0
1,0,0,0,0,1,0
1,0,0,0,1,0,1
1,0,0,0,1,1,1
1,0,0,1,0,0,0
1,0,0,1,0,1,0
1,0,0,1,1,0,1
1,0,0,1,1,1,1
1,0,1,0,0,0,0
1,0,1,0,0,1,0
1,0,1,0,1,0,1
1,0,1,0,1,1,1
1,0,1,1,0,0,0
1,0,1,1,0,1,0
1,0,1,1,1,0,1
1,0,1,1,1,1,1
1,1,0,0,0,0,0
1,1,0,0,0,1,1
1,1,0,0,1,0,0
1,1,0,0,1,1,1
1,1,0,1,0,0,0
1,1,0,1,0,1,1
1,1,0,1,1,0,0
1,1,0,1,1,1,1
1,1,1,0,0,0,0
1,1,1,0,0,1,1
1,1,1,0,1,0,0
1,1,1,0,1,1,1
1,1,1,1,0,0,0
1,1,1,1,0,1,1
1,1,1,1,1,0,0
1,1,1,1,1,1,1
