I7,I6,I5,I4,I3,I2,I1,I0,Q2,Q1,Q0,NONE
0,0,0,0,0,0,0,0,0,0,0,1
0,0,0,0,0,0,0,1,0,0,0,0
0,0,0,0,0,0,1,0,0,0,1,0
0,0,0,0,0,0,1,1,0,0,1,0
0,0,0,0,0,1,0,0,0,1,0,0
0,0,0,0,0,1,0,1,0,1,0,0
0,0,0,0,0,1,1,0,0,1,0,0
0,0,0,0,0,1,1,1,0,1,0,0
0,0,0,0,1,0,0,0,0,1,1,0
0,0,0,0,1,0,0,1,0,1,1,0
0,0,0,0,1,0,1,0,0,1,1,0
0,0,0,0,1,0,1,1,0,1,1,0
0,0,0,0,1,1,0,0,0,1,1,0
0,0,0,0,1,1,0,1,0,1,1,0
0,0,0,0,1,1,1,0,0,1,1,0
0,0,0,0,1,1,1,1,0,1,1,0
0,0,0,1,0,0,0,0,1,0,0,0
0,0,0,1,0,0,0,1,1,0,0,0
0,0,0,1,0,0,1,0,1,0,0,0
0,0,0,1,0,0,1,1,1,0,0,0
0,0,0,1,0,1,0,0,1,0,0,0
0,0,0,1,0,1,0,1,1,0,0,0
0,0,0,1,0,1,1,0,1,0,0,0
0,0,0,1,0,1,1,1,1,0,0,0
0,0,0,1,1,0,0,0,1,0,0,0
0,0,0,1,1,0,0,1,1,0,0,0
0,0,0,1,1,0,1,0,1,0,0,0
0,0,0,1,1,0,1,1,1,0,0,0
0,0,0,1,1,1,0,0,1,0,0,0
0,0,0,1,1,1,0,1,1,0,0,0
0,0,0,1,1,1,1,0,1,0,0,0
0,0,0,1,1,1,1,1,1,0,0,0
0,0,1,0,0,0,0,0,1,0,1,0
0,0,1,0,0,0,0,1,1,0,1,0
0,0,1,0,0,0,1,0,1,0,1,0
0,0,1,0,0,0,1,1,1,0,1,0
0,0,1,0,0,1,0,0,1,0,1,0
0,0,1,0,0,1,0,1,1,0,1,0
0,0,1,0,0,1,1,0,1,0,1,0
0,0,1,0,0,1,1,1,1,0,1,0
0,0,1,0,1,0,0,0,1,0,1,0
0,0,1,0,1,0,0,1,1,0,1,0
0,0,1,0,1,0,1,0,1,0,1,0
0,0,1,0,1,0,1,1,1,0,1,0
0,0,1,0,1,1,0,0,1,0,1,0
0,0,1,0,1,1,0,1,1,0,1,0
0,0,1,0,1,1,1,0,1,0,1,0
0,0,1,0,1,1,1,1,1,0,1,0
0,0,1,1,0,0,0,0,1,0,1,0
0,0,1,1,0,0,0,1,1,0,1,0
0,0,1,1,0,0,1,0,1,0,1,0
0,0,1,1,0,0,1,1,1,0,1,0
0,0,1,1,0,1,0,0,1,0,1,0
0,0,1,1,0,1,0,1,1,0,1,0
0,0,1,1,0,1,1,0,1,0,1,0
0,0,1,1,0,1,1,1,1,0,1,0
0,0,1,1,1,0,0,0,1,0,1,0
0,0,1,1,1,0,0,1,1,0,1,0
0,0,1,1,1,0,1,0,1,0,1,0
0,0,1,1,1,0,1,1,1,0,1,0
0,0,1,1,1,1,0,0,1,0,1,0
0,0,1,1,1,1,0,1,1,0,1,0
0,0,1,1,1,1,1,0,1,0,1,0
0,0,1,1,1,1,1,1,1,0,1,0
0,1,0,0,0,0,0,0,1,1,0,0
0,1,0,0,0,0,0,1,1,1,0,0
0,1,0,0,0,0,1,0,1,1,0,0
0,1,0,0,0,0,1,1,1,1,0,0
0,1,0,0,0,1,0,0,1,1,0,0
0,1,0,0,0,1,0,1,1,1,0,0
0,1,0,0,0,1,1,0,1,1,0,0
0,1,0,0,0,1,1,1,1,1,0,0
0,1,0,0,1,0,0,0,1,1,0,0
0,1,0,0,1,0,0,1,1,1,0,0
0,1,0,0,1,0,1,0,1,1,0,0
0,1,0,0,1,0,1,1,1,1,0,0
0,1,0,0,1,1,0,0,1,1,0,0
0,1,0,0,1,1,0,1,1,1,0,0
0,1,0,0,1,1,1,0,1,1,0,0
0,1,0,0,1,1,1,1,1,1,0,0
0,1,0,1,0,0,0,0,1,1,0,0
0,1,0,1,0,0,0,1,1,1,0,0
0,1,0,1,0,0,1,0,1,1,0,0
0,1,0,1,0,0,1,1,1,1,0,0
0,1,0,1,0,1,0,0,1,1,0,0
0,1,0,1,0,1,0,1,1,1,0,0
0,1,0,1,0,1,1,0,1,1,0,0
0,1,0,1,0,1,1,1,1,1,0,0
0,1,0,1,1,0,0,0,1,1,0,0
0,1,0,1,1,0,0,1,1,1,0,0
0,1,0,1,1,0,1,0,1,1,0,0
0,1,0,1,1,0,1,1,1,1,0,0
0,1,0,1,1,1,0,0,1,1,0,0
0,1,0,1,1,1,0,1,1,1,0,0
0,1,0,1,1,1,1,0,1,1,0,0
0,1,0,1,1,1,1,1,1,1,0,0
0,1,1,0,0,0,0,0,1,1,0,0
0,1,1,0,0,0,0,1,1,1,0,0
0,1,1,0,0,0,1,0,1,1,0,0
0,1,1,0,0,0,1,1,1,1,0,0
0,1,1,0,0,1,0,0,1,1,0,0
0,1,1,0,0,1,0,1,1,1,0,0
0,1,1,0,0,1,1,0,1,1,0,0
0,1,1,0,0,1,1,1,1,1,0,0
0,1,1,0,1,0,0,0,1,1,0,0
0,1,1,0,1,0,0,1,1,1,0,0
0,1,1,0,1,0,1,0,1,1,0,0
0,1,1,0,1,0,1,1,1,1,0,0
0,1,1,0,1,1,0,0,1,1,0,0
0,1,1,0,1,1,0,1,1,1,0,0
0,1,1,0,1,1,1,0,1,1,0,0
0,1,1,0,1,1,1,1,1,1,0,0
0,1,1,1,0,0,0,0,1,1,0,0
0,1,1,1,0,0,0,1,1,1,0,0
0,1,1,1,0,0,1,0,1,1,0,0
0,1,1,1,0,0,1,1,1,1,0,0
0,1,1,1,0,1,0,0,1,1,0,0
0,1,1,1,0,1,0,1,1,1,0,0
0,1,1,1,0,1,1,0,1,1,0,0
0,1,1,1,0,1,1,1,1,1,0,0
0,1,1,1,1,0,0,0,1,1,0,0
0,1,1,1,1,0,0,1,1,1,0,0
0,1,1,1,1,0,1,0,1,1,0,0
0,1,1,1,1,0,1,1,1,1,0,0
0,1,1,1,1,1,0,0,1,1,0,0
0,1,1,1,1,1,0,1,1,1,0,0
0,1,1,1,1,1,1,0,1,1,0,0
0,1,1,1,1,1,1,1,1,1,0,0
1,0,0,0,0,0,0,0,1,1,1,0
1,0,0,0,0,0,0,1,1,1,1,0
1,0,0,0,0,0,1,0,1,1,1,0
1,0,0,0,0,0,1,1,1,1,1,0
1,0,0,0,0,1,0,0,1,1,1,0
1,0,0,0,0,1,0,1,1,1,1,0
1,0,0,0,0,1,1,0,1,1,1,0
1,0,0,0,0,1,1,1,1,1,1,0
1,0,0,0,1,0,0,0,1,1,1,0
1,0,0,0,1,0,0,1,1,1,1,0
1,0,0,0,1,0,1,0,1,1,1,0
1,0,0,0,1,0,1,1,1,1,1,0
1,0,0,0,1,1,0,0,1,1,1,0
1,0,0,0,1,1,0,1,1,1,1,0
1,0,0,0,1,1,1,0,1,1,1,0
1,0,0,0,1,1,1,1,1,1,1,0
1,0,0,1,0,0,0,0,1,1,1,0
1,0,0,1,0,0,0,1,1,1,1,0
1,0,0,1,0,0,1,0,1,1,1,0
1,0,0,1,0,0,1,1,1,1,1,0
1,0,0,1,0,1,0,0,1,1,1,0
1,0,0,1,0,1,0,1,1,1,1,0
1,0,0,1,0,1,1,0,1,1,1,0
1,0,0,1,0,1,1,1,1,1,1,0
1,0,0,1,1,0,0,0,1,1,1,0
1,0,0,1,1,0,0,1,1,1,1,0
1,0,0,1,1,0,1,0,1,1,1,0
1,0,0,1,1,0,1,1,1,1,1,0
1,0,0,1,1,1,0,0,1,1,1,0
1,0,0,1,1,1,0,1,1,1,1,0
1,0,0,1,1,1,1,0,1,1,1,0
1,0,0,1,1,1,1,1,1,1,1,0
1,0,1,0,0,0,0,0,1,1,1,0
1,0,1,0,0,0,0,1,1,1,1,0
1,0,1,0,0,0,1,0,1,1,1,0
1,0,1,0,0,0,1,1,1,1,1,0
1,0,1,0,0,1,0,0,1,1,1,0
1,0,1,0,0,1,0,1,1,1,1,0
1,0,1,0,0,1,1,0,1,1,1,0
1,0,1,0,0,1,1,1,1,1,1,0
1,0,1,0,1,0,0,0,1,1,1,0
1,0,1,0,1,0,0,1,1,1,1,0
1,0,1,0,1,0,1,0,1,1,1,0
1,0,1,0,1,0,1,1,1,1,1,0
1,0,1,0,1,1,0,0,1,1,1,0
1,0,1,0,1,1,0,1,1,1,1,0
1,0,1,0,1,1,1,0,1,1,1,0
1,0,1,0,1,1,1,1,1,1,1,0
1,0,1,1,0,0,0,0,1,1,1,0
1,0,1,1,0,0,0,1,1,1,1,0
1,0,1,1,0,0,1,0,1,1,1,0
1,0,1,1,0,0,1,1,1,1,1,0
1,0,1,1,0,1,0,0,1,1,1,0
1,0,1,1,0,1,0,1,1,1,1,0
1,0,1,1,0,1,1,0,1,1,1,0
1,0,1,1,0,1,1,1,1,1,1,0
1,0,1,1,1,0,0,0,1,1,1,0
1,0,1,1,1,0,0,1,1,1,1,0
1,0,1,1,1,0,1,0,1,1,1,0
1,0,1,1,1,0,1,1,1,1,1,0
1,0,1,1,1,1,0,0,1,1,1,0
1,0,1,1,1,1,0,1,1,1,1,0
1,0,1,1,1,1,1,0,1,1,1,0
1,0,1,1,1,1,1,1,1,1,1,0
1,1,0,0,0,0,0,0,1,1,1,0
1,1,0,0,0,0,0,1,1,1,1,0
1,1,0,0,0,0,1,0,1,1,1,0
1,1,0,0,0,0,1,1,1,1,1,0
1,1,0,0,0,1,0,0,1,1,1,0
1,1,0,0,0,1,0,1,1,1,1,0
1,1,0,0,0,1,1,0,1,1,1,0
1,1,0,0,0,1,1,1,1,1,1,0
1,1,0,0,1,0,0,0,1,1,1,0
1,1,0,0,1,0,0,1,1,1,1,0
1,1,0,0,1,0,1,0,1,1,1,0
1,1,0,0,1,0,1,1,1,1,1,0
1,1,0,0,1,1,0,0,1,1,1,0
1,1,0,0,1,1,0,1,1,1,1,0
1,1,0,0,1,1,1,0,1,1,1,0
1,1,0,0,1,1,1,1,1,1,1,0
1,1,0,1,0,0,0,0,1,1,1,0
1,1,0,1,0,0,0,1,1,1,1,0
1,1,0,1,0,0,1,0,1,1,1,0
1,1,0,1,0,0,1,1,1,1,1,0
1,1,0,1,0,1,0,0,1,1,1,0
1,1,0,1,0,1,0,1,1,1,1,0
1,1,0,1,0,1,1,0,1,1,1,0
1,1,0,1,0,1,1,1,1,1,1,0
1,1,0,1,1,0,0,0,1,1,1,0
1,1,0,1,1,0,0,1,1,1,1,0
1,1,0,1,1,0,1,0,1,1,1,0
1,1,0,1,1,0,1,1,1,1,1,0
1,1,0,1,1,1,0,0,1,1,1,0
1,1,0,1,1,1,0,1,1,1,1,0
1,1,0,1,1,1,1,0,1,1,1,0
1,1,0,1,1,1,1,1,1,1,1,0
1,1,1,0,0,0,0,0,1,1,1,0
1,1,1,0,0,0,0,1,1,1,1,0
1,1,1,0,0,0,1,0,1,1,1,0
1,1,1,0,0,0,1,1,1,1,1,0
1,1,1,0,0,1,0,0,1,1,1,0
1,1,1,0,0,1,0,1,1,1,1,0
1,1,1,0,0,1,1,0,1,1,1,0
1,1,1,0,0,1,1,1,1,1,1,0
1,1,1,0,1,0,0,0,1,1,1,0
1,1,1,0,1,0,0,1,1,1,1,0
1,1,1,0,1,0,1,0,1,1,1,0
1,1,1,0,1,0,1,1,1,1,1,0
1,1,1,0,1,1,0,0,1,1,1,0
1,1,1,0,1,1,0,1,1,1,1,0
1,1,1,0,1,1,1,0,1,1,1,0
1,1,1,0,1,1,1,1,1,1,1,0
1,1,1,1,0,0,0,0,1,1,1,0
1,1,1,1,0,0,0,1,1,1,1,0
1,1,1,1,0,0,1,0,1,1,1,0
1,1,1,1,0,0,1,1,1,1,1,0
1,1,1,1,0,1,0,0,1,1,1,0
1,1,1,1,0,1,0,1,1,1,1,0
1,1,1,1,0,1,1,0,1,1,1,0
1,1,1,1,0,1,1,1,1,1,1,0
1,1,1,1,1,0,0,0,1,1,1,0
1,1,1,1,1,0,0,1,1,1,1,0
1,1,1,1,1,0,1,0,1,1,1,0
1,1,1,1,1,0,1,1,1,1,1,0
1,1,1,1,1,1,0,0,1,1,1,0
1,1,1,1,1,1,0,1,1,1,1,0
1,1,1,1,1,1,1,0,1,1,1,0
1,1,1,1,1,1,1,1,1,1,1,0
